<?xml version="1.0" encoding="UTF-8"?>
<beans xmlns="http://www.springframework.org/schema/beans"
		xmlns:xsi="http://www.w3.org/2001/XMLSchema-instance"
		xmlns:mvc="http://www.springframework.org/schema/mvc"
		xmlns:context="http://www.springframework.org/schema/context"
		xmlns:p="http://www.springframework.org/schema/p"
		xmlns:mybatis-spring="http://mybatis.org/schema/mybatis-spring"
		xsi:schemaLocation="http://www.springframework.org/schema/beans http://www.springframework.org/schema/beans/spring-beans.xsd
							http://www.springframework.org/schema/context http://www.springframework.org/schema/context/spring-context-3.1.xsd
							http://www.springframework.org/schema/mvc http://www.springframework.org/schema/mvc/spring-mvc-3.1.xsd
							http://mybatis.org/schema/mybatis-spring http://mybatis.org/schema/mybatis-spring-1.2.xsd">
	
	<!-- Handles HTTP GET requests for /resources/** by efficiently serving up static resources in the ${webappRoot}/resources directory -->
	<mvc:resources mapping="/resources/**" location="/resources/" />
		
	<!-- Enables the Spring MVC @Controller programming model -->
	<mvc:annotation-driven />
	<context:component-scan base-package="com.blueberry.planpang.service, 
										  com.blueberry.planpang.controller" />	
	<mybatis-spring:scan base-package="com.blueberry.mybatis" />
		
	<!-- Resolves views selected for rendering by @Controllers to .jsp resources in the /WEB-INF/views directory -->
	<bean id="viewResolver1" class="org.springframework.web.servlet.view.XmlViewResolver">
		<property name="order" value="1"/>
		<property name="location" value="/WEB-INF/views.xml"/>
	</bean>
	<bean id="internalResourceViewResolver" 
		  class="org.springframework.web.servlet.view.InternalResourceViewResolver">
		<!-- <property name="viewClass" value="org.springframework.web.servlet.view.jstlView" /> -->
		<property name="order" value="2"/>
		<property name="prefix" value="/views/" />
		<property name="suffix" value=".jsp" />
	</bean>
	
	<!-- bean -->
	<bean id="dataSource" class="org.apache.commons.dbcp.BasicDataSource">
		<property name="driverClassName" value="oracle.jdbc.driver.OracleDriver" />
		<property name="url" value="jdbc:oracle:thin:@www.sys4g.com:1521:XE" />
		<property name="username" value="edu2015002" />
		<property name="password" value="edu002" />
		<property name="maxActive" value="100" />
		<property name="maxWait" value="1000" />
		<property name="poolPreparedStatements" value="true" />
		<property name="defaultAutoCommit" value="true" />
		<property name="validationQuery" value=" SELECT 1 FROM DUAL" />
	</bean>
	
	<!-- DB -->
	<bean id="sqlSessionFactory" class="org.mybatis.spring.SqlSessionFactoryBean">
		<property name="dataSource" ref="dataSource" />
		<!-- <property name="configLocation"	value="classpath:com/blueberry/mybatis/Configuration.xml" /> -->
	</bean>
	
	<!-- Multipart Upload -->
	<bean id="multipartResolver" class="org.springframework.web.multipart.commons.CommonsMultipartResolver">
	  <property name="defaultEncoding" value="UTF-8"/>
	</bean> 
</beans>
