<?xml version="1.0" encoding="UTF-8"?>
<beans:beans xmlns="http://www.springframework.org/schema/security"
	xmlns:xsi="http://www.w3.org/2001/XMLSchema-instance"
	xmlns:beans="http://www.springframework.org/schema/beans"
	xsi:schemaLocation="http://www.springframework.org/schema/beans
						http://www.springframework.org/schema/beans/spring-beans.xsd
						http://www.springframework.org/schema/security
						http://www.springframework.org/schema/security/spring-security.xsd">
	
	<http auto-config="true" use-expressions="true">
		<intercept-url pattern="/admin***" access="hasRole('ROLE_ADMIN')"/>
		<access-denied-handler error-page="/403"/>
		<form-login
			login-page="/login"
			default-target-url="/main"
			username-parameter="memberId"
			password-parameter="passwd"
			/>
		<logout logout-success-url="/logout"/>
		<!-- <csrf/> SPRING 3.2.0 이상은 Cross Site Request Forgery Attack 방어 지원 -->
	</http>
	
	<authentication-manager>
		<authentication-provider>
			<jdbc-user-service data-source-ref="dataSource"
				users-by-username-query="SELECT MEMBERID, PASSWD, ENABLED FROM PP_MEMBERS WHERE MEMBERID = ?"
				authorities-by-username-query="SELECT MEMBERID, ROLE FROM PP_USER_ROLES WHERE MEMBERID = ?"
			/>
		</authentication-provider>
	</authentication-manager>

</beans:beans>
