<?xml version="1.0" encoding="UTF-8"?>
<!DOCTYPE log4j:configuration PUBLIC "-//APACHE//DTD LOG4J 1.2//EN" "log4j.dtd">
<log4j:configuration xmlns:log4j="http://jakarta.apache.org/log4j/">

   <!-- Appenders -->
   <appender name="console" class="org.apache.log4j.ConsoleAppender">
      <param name="Target" value="System.out" />
      <layout class="org.apache.log4j.PatternLayout">
         <param name="ConversionPattern" value="%-5p: %c - %m%n" />
      </layout>
   </appender>
   
   <appender name="console-infolog" class="org.apache.log4j.ConsoleAppender">
      <param name="Target" value="System.out" />
        <layout class="org.apache.log4j.PatternLayout">
            <param name="ConversionPattern" value="%d %5p %m%n" />
        </layout>   
    </appender>
    
    <!-- log SQL with timing information, post execution -->
    <!-- 쿼리 실행 시간을 보여주는 인포 -->
   <!-- <logger name="jdbc.sqltiming" additivity="false">
      <level value="INFO" />
      <appender-ref ref="console-infolog" />
   </logger> -->
   
   <!-- Application Loggers -->
   <logger name="com.co.kr" additivity="false">
      <level value="info" />
      <appender-ref ref="console" />
   </logger>
   
   <!-- Query Loggers -->
   <!-- 이쁘게 정렬 해주는 인포 -->
   <logger name="jdbc.sqlonly" additivity="false">  
        <level value="INFO"/>  
        <appender-ref ref="console-infolog"/>
    </logger>
     
    <logger name="jdbc.resultsettable" additivity="false">  
        <level value="WARN"/>  
        <appender-ref ref="console"/>  
    </logger>  
    
    <logger name="org.springframework.core" additivity="false">
      <level value="WARN" />
      <appender-ref ref="console-infolog"/>
   </logger>
   
   <logger name="org.springframework.beans" additivity="false">
      <level value="INFO" />
      <appender-ref ref="console-infolog"/>
   </logger>
   
   <logger name="org.springframework.context" additivity="false">
      <level value="INFO" />
      <appender-ref ref="console-infolog"/>
   </logger>

   <logger name="org.springframework.web" additivity="false">
      <level value="WARN" />
      <appender-ref ref="console-infolog"/>
   </logger>

   <!-- Root Logger -->
   <root>
      <priority value="off" />
      <appender-ref ref="console" />
   </root>
</log4j:configuration>