<?xml version="1.0" encoding="UTF-8"?>
<beans:beans xmlns="http://www.springframework.org/schema/mvc"
   xmlns:p="http://www.springframework.org/schema/p"
   xmlns:xsi="http://www.w3.org/2001/XMLSchema-instance"
   xmlns:beans="http://www.springframework.org/schema/beans"
   xmlns:mvc="http://www.springframework.org/schema/mvc"
   xmlns:context="http://www.springframework.org/schema/context"
   xsi:schemaLocation="
      http://www.springframework.org/schema/mvc
      http://www.springframework.org/schema/mvc/spring-mvc.xsd
      http://www.springframework.org/schema/beans
      http://www.springframework.org/schema/beans/spring-beans-3.0.xsd
      http://www.springframework.org/schema/context
      http://www.springframework.org/schema/context/spring-context-3.0.xsd
   ">

	 <!-- 컴포넌트(java bean) 자동 검색해서 객체를 생성 해준다 s -->
	   <!-- 프로젝트에서 패키지 추가 시 등록  -->
	   <!-- ex) <context:component-scan base-package="com.co.kr2" /> 새로운 패키지 -->
	   <!-- base-package로 부터 스캔을 할 때, spring mvc에 관련된 Controller 타입만 스캔 한다. 기본 필터의 사용을 false로 지정하면 @Component, @Repository, @Service, @Controller
	   어노테이션을 사용하는 클래스를 bean으로 인식하지 않는다. -->
   <context:component-scan base-package="com.co.kr" use-default-filters="false">
      <context:include-filter type="annotation" expression="org.springframework.stereotype.Controller" />
   </context:component-scan>
	   <!-- 이렇게 설정하는것을 DI end -->
	   <!-- 이렇게 설정하는것을 AOP end -->
	 <!-- 컴포넌트(java bean) 자동 검색해서 객체를 생성 해준다 e -->

 	<!-- <mvc:annotation-driven /> --> <!-- 모든 어노테이션들을 자동으로 등록 시키겠다는 선언 s -->
    <annotation-driven />
    <resources mapping="/resources/**" location="/resources/" />
 	<!-- <mvc:annotation-driven /> --> <!-- 모든 어노테이션들을 자동으로 등록 시키겠다는 선언 e -->

	 <!--  JSP mapping s -->
	   <!-- Resolves views selected for rendering by @Controllers to .jsp resources in the /WEB-INF/views directory -->
	   <!-- view resolver(뷰 리졸버, 뷰 해석기) beans 테그를 읽어서 메모리에 올린다. -->
	    <beans:bean class="org.springframework.web.servlet.view.UrlBasedViewResolver" p:order="1"
	       p:viewClass="org.springframework.web.servlet.view.JstlView"
	       p:prefix="/WEB-INF/views/"
	       p:suffix=".jsp">
	    </beans:bean>
	    		<!--  p:order="1"  로딩될때 1번째 우선순위를갖는다 -->
	 <!--  JSP mapping e -->

	<!--  기본설정 들어잇는거 s -->
		<beans:bean class="org.springframework.web.servlet.mvc.annotation.DefaultAnnotationHandlerMapping">
	      <beans:property name="alwaysUseFullPath" value="true"/>
	    </beans:bean>
	<!--  기본설정 들어잇는거 e -->

	<!-- 다국어 설정 s -->
	<mvc:interceptors>
       <beans:bean id="localeChangeInterceptor" class="org.springframework.web.servlet.i18n.LocaleChangeInterceptor">
          <beans:property name="paramName" value="lang" />
       </beans:bean>
    </mvc:interceptors>
    <!-- 다국어 설정 e -->

	 <!--  파비콘 설정 s -->
		<mvc:resources mapping="/favicon.ico" location="/favicon.ico" />
	<!--  파비콘 설정 e -->

   <!-- URI Path를 잡아준다. -->
   <interceptors>
         <interceptor>
            <mapping path="/**"/>
            <beans:bean class="com.co.kr.common.log.controller.LogMarController"></beans:bean>
         </interceptor>
   </interceptors>




</beans:beans>




