<?xml version="1.0" encoding="UTF-8"?>
<!-- mybatis 옵션을 설정 -->
<!DOCTYPE configuration
   PUBLIC "-//mybatis.org//DTD Config 3.0//EN"
   "http://mybatis.org/dtd/mybatis-3-config.dtd">
<configuration>

   <settings>
     <setting name="cacheEnabled" value="true"/>
     <setting name="mapUnderscoreToCamelCase" value="true"/>
     <setting name="callSettersOnNulls" value="true"/>
   </settings>

   <typeAliases>
   		<typeAlias type="com.co.kr.user.vo.UserVo" alias="UserVo"/>
   		<typeAlias type="com.co.kr.free.vo.FreeVo" alias="freeVo"/>
   </typeAliases>

</configuration>



<!-- http://www.mybatis.org/mybatis-3/ko/configuration.html 참고사이트 -->
